,user_id,user_first_name,user_last_name,user_address,city,county,state,zip,user_contact_no
0,2001,James,Butt,6649 N Blue Gum St,New Orleans,Orleans,LA,70116,504-845-1427
1,2002,Josephine,Darakjy,4 B Blue Ridge Blvd,Brighton,Livingston,MI,48116,810-374-9840
2,2003,Art,Venere,8 W Cerritos Ave #54,Bridgeport,Gloucester,NJ,8014,856-264-4130
3,2004,Lenna,Paprocki,639 Main St,Anchorage,Anchorage,AK,99501,907-921-2010
4,2005,Donette,Foller,34 Center St,Hamilton,Butler,OH,45011,513-549-4561
5,2006,Simona,Morasca,3 Mcauley Dr,Ashland,Ashland,OH,44805,419-800-6759
6,2007,Mitsue,Tollner,7 Eads St,Chicago,Cook,IL,60632,773-924-8565
7,2008,Leota,Dilliard,7 W Jackson Blvd,San Jose,Santa Clara,CA,95111,408-813-1105
8,2009,Sage,Wieser,5 Boston Ave #88,Sioux Falls,Minnehaha,SD,57105,605-794-4895
9,2010,Kris,Marrier,228 Runamuck Pl #2808,Baltimore,Baltimore City,MD,21224,410-804-4694
10,2011,Minna,Amigon,2371 Jerrold Ave,Kulpsville,Montgomery,PA,19443,215-422-8694
11,2012,Abel,Maclead,37275 St  Rt 17m M,Middle Island,Suffolk,NY,11953,631-677-3675
12,2013,Kiley,Caldarera,25 E 75th St #69,Los Angeles,Los Angeles,CA,90034,310-254-3084
13,2014,Graciela,Ruta,98 Connecticut Ave Nw,Chagrin Falls,Geauga,OH,44023,440-579-7763
14,2015,Cammy,Albares,56 E Morehead St,Laredo,Webb,TX,78045,956-841-7216
15,2016,Mattie,Poquette,73 State Road 434 E,Phoenix,Maricopa,AZ,85013,602-953-6360
16,2017,Meaghan,Garufi,69734 E Carrillo St,Mc Minnville,Warren,TN,37110,931-235-7959
17,2018,Gladys,Rim,322 New Horizon Blvd,Milwaukee,Milwaukee,WI,53207,414-377-2880
18,2019,Yuki,Whobrey,1 State Route 27,Taylor,Wayne,MI,48180,313-341-4470
19,2020,Fletcher,Flosi,394 Manchester Blvd,Rockford,Winnebago,IL,61109,815-426-5657
20,2021,Bette,Nicka,6 S 33rd St,Aston,Delaware,PA,19014,610-492-4643
21,2022,Veronika,Inouye,6 Greenleaf Ave,San Jose,Santa Clara,CA,95111,408-813-4592
22,2023,Willard,Kolmetz,618 W Yakima Ave,Irving,Dallas,TX,75062,972-896-4882
23,2024,Maryann,Royster,74 S Westgate St,Albany,Albany,NY,12204,518-448-8982
24,2025,Alisha,Slusarski,3273 State St,Middlesex,Middlesex,NJ,8846,732-635-3453
25,2026,Allene,Iturbide,1 Central Ave,Stevens Point,Portage,WI,54481,715-530-9863
26,2027,Chanel,Caudy,86 Nw 66th St #8673,Shawnee,Johnson,KS,66218,913-899-1103
27,2028,Ezekiel,Chui,2 Cedar Ave #84,Easton,Talbot,MD,21601,410-235-8738
28,2029,Willow,Kusko,90991 Thorburn Ave,New York,New York,NY,10011,212-934-5167
29,2030,Bernardo,Figeroa,386 9th Ave N,Conroe,Montgomery,TX,77301,936-597-3614
30,2031,Ammie,Corrio,74874 Atlantic Ave,Columbus,Franklin,OH,43215,614-648-3265
31,2032,Francine,Vocelka,366 South Dr,Las Cruces,Dona Ana,NM,88011,505-335-5293
32,2033,Ernie,Stenseth,45 E Liberty St,Ridgefield Park,Bergen,NJ,7660,201-387-9093
33,2034,Albina,Glick,4 Ralph Ct,Dunellen,Middlesex,NJ,8812,732-782-6701
34,2035,Alishia,Sergi,2742 Distribution Way,New York,New York,NY,10025,212-753-2740
35,2036,Solange,Shinko,426 Wolf St,Metairie,Jefferson,LA,70002,504-265-8174
36,2037,Jose,Stockham,128 Bransten Rd,New York,New York,NY,10011,212-569-4233
37,2038,Rozella,Ostrosky,17 Morena Blvd,Camarillo,Ventura,CA,93012,805-609-1531
38,2039,Valentine,Gillian,775 W 17th St,San Antonio,Bexar,TX,78204,210-300-6244
39,2040,Kati,Rulapaugh,6980 Dorsett Rd,Abilene,Dickinson,KS,67410,785-219-7724
40,2041,Youlanda,Schemmer,2881 Lewis Rd,Prineville,Crook,OR,97754,541-993-2611
41,2042,Dyan,Oldroyd,7219 Woodfield Rd,Overland Park,Johnson,KS,66204,913-645-8918
42,2043,Roxane,Campain,1048 Main St,Fairbanks,Fairbanks North Star,AK,99708,907-335-6568
43,2044,Lavera,Perin,678 3rd Ave,Miami,Miami-Dade,FL,33196,305-995-2078
44,2045,Erick,Ferencz,20 S Babcock St,Fairbanks,Fairbanks North Star,AK,99712,907-227-6777
45,2046,Fatima,Saylors,2 Lighthouse Ave,Hopkins,Hennepin,MN,55343,952-479-2375
46,2047,Jina,Briddick,38938 Park Blvd,Boston,Suffolk,MA,2128,617-997-5771
47,2048,Kanisha,Waycott,5 Tomahawk Dr,Los Angeles,Los Angeles,CA,90006,323-315-7314
48,2049,Emerson,Bowley,762 S Main St,Madison,Dane,WI,53711,608-658-7940
49,2050,Blair,Malet,209 Decker Dr,Philadelphia,Philadelphia,PA,19132,215-794-4519
50,2051,Brock,Bolognia,4486 W O St #1,New York,New York,NY,10003,212-617-5063
51,2052,Lorrie,Nestle,39 S 7th St,Tullahoma,Coffee,TN,37388,931-303-6041
52,2053,Sabra,Uyetake,98839 Hawthorne Blvd #6101,Columbia,Richland,SC,29201,803-681-3678
53,2054,Marjory,Mastella,71 San Mateo Ave,Wayne,Delaware,PA,19087,610-379-7125
54,2055,Karl,Klonowski,76 Brooks St #9,Flemington,Hunterdon,NJ,8822,908-470-4661
55,2056,Tonette,Wenner,4545 Courthouse Rd,Westbury,Nassau,NY,11590,516-333-4861
56,2057,Amber,Monarrez,14288 Foster Ave #4121,Jenkintown,Montgomery,PA,19046,215-329-6386
57,2058,Shenika,Seewald,4 Otis St,Van Nuys,Los Angeles,CA,91405,818-749-8650
58,2059,Delmy,Ahle,65895 S 16th St,Providence,Providence,RI,2909,401-559-8961
59,2060,Deeanna,Juhas,14302 Pennsylvania Ave,Huntingdon Valley,Montgomery,PA,19006,215-417-9563
60,2061,Blondell,Pugh,201 Hawk Ct,Providence,Providence,RI,2904,401-300-8122
61,2062,Jamal,Vanausdal,53075 Sw 152nd Ter #615,Monroe Township,Middlesex,NJ,8831,732-904-2931
62,2063,Cecily,Hollack,59 N Groesbeck Hwy,Austin,Travis,TX,78731,512-861-3814
63,2064,Carmelina,Lindall,2664 Lewis Rd,Littleton,Douglas,CO,80126,303-874-5160
64,2065,Maurine,Yglesias,59 Shady Ln #53,Milwaukee,Milwaukee,WI,53214,414-573-7719
65,2066,Tawna,Buvens,3305 Nabell Ave #679,New York,New York,NY,10009,212-462-9157
66,2067,Penney,Weight,18 Fountain St,Anchorage,Anchorage,AK,99515,907-873-2882
67,2068,Elly,Morocco,7 W 32nd St,Erie,Erie,PA,16502,814-420-3553
68,2069,Ilene,Eroman,2853 S Central Expy,Glen Burnie,Anne Arundel,MD,21061,410-937-4543
69,2070,Vallie,Mondella,74 W College St,Boise,Ada,ID,83707,208-737-8439
70,2071,Kallie,Blackwood,701 S Harrison Rd,San Francisco,San Francisco,CA,94104,415-604-7609
71,2072,Johnetta,Abdallah,1088 Pinehurst St,Chapel Hill,Orange,NC,27514,919-715-3791
72,2073,Bobbye,Rhym,30 W 80th St #1995,San Carlos,San Mateo,CA,94070,650-811-9032
73,2074,Micaela,Rhymes,20932 Hedley St,Concord,Contra Costa,CA,94520,925-522-7798
74,2075,Tamar,Hoogland,2737 Pistorio Rd #9230,London,Madison,OH,43140,740-526-5410
75,2076,Moon,Parlato,74989 Brandon St,Wellsville,Allegany,NY,14895,585-498-4278
76,2077,Laurel,Reitler,6 Kains Ave,Baltimore,Baltimore City,MD,21215,410-957-6903
77,2078,Delisa,Crupi,47565 W Grand Ave,Newark,Essex,NJ,7105,973-847-9611
78,2079,Viva,Toelkes,4284 Dorigo Ln,Chicago,Cook,IL,60647,773-352-3437
79,2080,Elza,Lipke,6794 Lake Dr E,Newark,Essex,NJ,7104,973-796-3667
80,2081,Devorah,Chickering,31 Douglas Blvd #950,Clovis,Curry,NM,88101,505-950-1763
81,2082,Timothy,Mulqueen,44 W 4th St,Staten Island,Richmond,NY,10309,718-654-7063
82,2083,Arlette,Honeywell,11279 Loytan St,Jacksonville,Duval,FL,32254,904-514-9918
83,2084,Dominque,Dickerson,69 Marquette Ave,Hayward,Alameda,CA,94545,510-901-7640
84,2085,Lettie,Isenhower,70 W Main St,Beachwood,Cuyahoga,OH,44122,216-733-8494
85,2086,Myra,Munns,461 Prospect Pl #316,Euless,Tarrant,TX,76040,817-451-3518
86,2087,Stephaine,Barfield,47154 Whipple Ave Nw,Gardena,Los Angeles,CA,90247,310-968-1219
87,2088,Lai,Gato,37 Alabama Ave,Evanston,Cook,IL,60201,847-957-4614
88,2089,Stephen,Emigh,3777 E Richmond St #900,Akron,Summit,OH,44302,330-700-2312
89,2090,Tyra,Shields,3 Fort Worth Ave,Philadelphia,Philadelphia,PA,19106,215-228-8264
90,2091,Tammara,Wardrip,4800 Black Horse Pike,Burlingame,San Mateo,CA,94010,650-216-5075
91,2092,Cory,Gibes,83649 W Belmont Ave,San Gabriel,Los Angeles,CA,91776,626-696-2777
92,2093,Danica,Bruschke,840 15th Ave,Waco,McLennan,TX,76708,254-205-1422
93,2094,Wilda,Giguere,1747 Calle Amanecer #2,Anchorage,Anchorage,AK,99501,907-914-9482
94,2095,Elvera,Benimadho,99385 Charity St #840,San Jose,Santa Clara,CA,95110,408-440-8447
95,2096,Carma,Vanheusen,68556 Central Hwy,San Leandro,Alameda,CA,94577,510-452-4835
96,2097,Malinda,Hochard,55 Riverside Ave,Indianapolis,Marion,IN,46202,317-472-2412
97,2098,Natalie,Fern,7140 University Ave,Rock Springs,Sweetwater,WY,82901,307-279-3793
98,2099,Lisha,Centini,64 5th Ave #1153,Mc Lean,Fairfax,VA,22102,703-475-7568
